Customer_ID,Age,Gender,City_Tier,Membership_Type,Tenure_Months,Monthly_Spend,Num_Purchases_Last_Year,Support_Tickets_Raised,Satisfaction_Score,Churned
CUST1000,56,Male,Tier 2,Basic,40,59.46,5,2,8.2,0
CUST1001,69,Male,Tier 1,Basic,45,62.28,8,0,9.5,0
CUST1002,46,Male,Tier 2,Basic,62,20.06,9,1,,1
CUST1003,32,Female,Tier 3,Basic,58,64.65,2,1,6.7,1
CUST1004,60,Male,Tier 1,Standard,67,24.98,11,0,8.7,0
CUST1005,25,Male,Tier 2,Basic,56,119.48,10,2,4.3,0
CUST1006,38,Male,Tier 1,Basic,40,54.96,7,0,8.7,0
CUST1007,56,Female,Tier 1,Standard,40,42.81,6,0,6.7,0
CUST1008,36,Female,Tier 2,Standard,33,107.48,7,1,8.7,0
CUST1009,40,Male,Tier 1,Standard,6,48.81,5,2,7.4,1
CUST1010,28,Male,Tier 2,Standard,19,62.11,13,0,9.5,0
CUST1011,28,Male,Tier 2,Standard,40,29.14,7,2,4.7,1
CUST1012,41,Male,Tier 3,Standard,59,14.89,11,1,7.6,0
CUST1013,53,Female,Tier 1,Standard,59,66.37,9,0,4.3,0
CUST1014,57,Female,Tier 1,Basic,48,119.69,7,2,7.8,0
CUST1015,41,Female,Tier 1,Basic,41,33.8,7,2,7.6,1
CUST1016,20,Female,Tier 3,Premium,13,32.65,6,0,6.5,0
CUST1017,39,Male,Tier 2,Premium,45,20.51,7,4,5.6,1
CUST1018,19,Male,Tier 1,Standard,53,40.5,4,0,6.4,0
CUST1019,41,Male,Tier 3,Standard,42,72.97,7,1,7.2,0
CUST1020,61,Female,Tier 3,Basic,63,73.61,8,4,,1
CUST1021,47,Male,Tier 3,Standard,27,17.47,8,0,10.0,0
CUST1022,55,Female,Tier 1,Premium,38,58.33,7,1,8.6,0
CUST1023,19,Female,Tier 1,Premium,60,116.46,11,3,5.9,1
CUST1024,38,Male,Tier 2,Basic,7,55.17,5,0,8.0,1
CUST1025,50,Male,Tier 2,Basic,5,33.59,1,1,,1
CUST1026,29,Male,Tier 1,Basic,45,22.98,6,2,5.8,1
CUST1027,39,Female,Tier 1,Basic,58,27.07,9,1,8.3,0
CUST1028,61,Male,Tier 3,Basic,31,94.06,5,1,4.3,1
CUST1029,42,Female,Tier 1,Standard,23,37.7,8,3,5.8,0
CUST1030,66,Male,Tier 2,Basic,42,19.28,10,2,4.4,0
CUST1031,44,Female,Tier 2,Standard,10,33.9,12,3,6.6,1
CUST1032,59,Female,Tier 2,Standard,32,22.28,5,1,6.1,0
CUST1033,45,Male,Tier 2,Standard,53,85.56,4,2,6.3,0
CUST1034,33,Female,Tier 2,Standard,30,11.11,11,2,8.5,1
CUST1035,32,Female,Tier 1,Standard,39,86.27,8,1,7.2,0
CUST1036,64,Male,Tier 2,Standard,31,8.81,15,4,8.4,1
CUST1037,68,Female,Tier 1,Basic,2,99.15,5,1,9.9,0
CUST1038,61,Male,Tier 2,Premium,12,189.49,12,3,10.0,0
CUST1039,69,Female,Tier 2,Basic,39,47.85,5,1,,0
CUST1040,20,Male,Tier 2,Premium,66,72.34,5,1,8.0,0
CUST1041,54,Male,Tier 1,Basic,13,62.81,10,0,6.7,0
CUST1042,68,Female,Tier 1,Basic,46,53.64,6,2,8.8,0
CUST1043,24,Female,Tier 2,Basic,27,26.5,11,3,8.5,1
CUST1044,38,Female,Tier 1,Standard,17,16.0,8,2,5.8,0
CUST1045,26,Female,Tier 3,Basic,60,40.36,7,2,6.1,1
CUST1046,56,Female,Tier 3,Standard,64,19.58,9,0,9.5,0
CUST1047,35,Male,Tier 1,Standard,35,54.54,13,2,6.0,1
CUST1048,21,Female,Tier 1,Basic,70,26.94,5,1,6.8,0
CUST1049,42,Male,Tier 2,Standard,30,12.84,5,0,8.2,0
CUST1050,31,Male,Tier 3,Basic,71,59.31,15,1,6.7,0
CUST1051,67,Female,Tier 2,Standard,63,34.52,4,1,9.8,0
CUST1052,26,Male,Tier 1,Standard,28,11.82,7,1,8.9,1
CUST1053,43,Male,Tier 2,Basic,60,87.31,11,0,5.4,0
CUST1054,19,Male,Tier 1,Premium,37,43.96,10,2,5.9,1
CUST1055,37,Male,Tier 1,Standard,22,85.16,10,1,8.1,1
CUST1056,45,Female,Tier 1,Standard,68,50.03,18,1,6.9,0
CUST1057,64,Male,Tier 2,Standard,20,28.54,14,1,3.5,1
CUST1058,24,Female,Tier 1,Premium,68,21.14,6,0,5.3,0
CUST1059,61,Female,Tier 2,Basic,64,64.56,7,2,7.4,0
CUST1060,25,Male,Tier 3,Basic,17,116.45,7,0,8.6,0
CUST1061,64,Female,Tier 2,Basic,12,60.53,9,1,,1
CUST1062,52,Female,Tier 2,Premium,22,27.79,4,3,10.0,1
CUST1063,31,Female,Tier 1,Basic,17,52.02,6,2,5.8,1
CUST1064,34,Male,Tier 2,Premium,10,18.41,10,0,,1
CUST1065,53,Female,Tier 1,Basic,65,60.13,10,2,7.0,0
CUST1066,67,Female,Tier 2,Basic,22,76.42,4,2,4.0,1
CUST1067,57,Female,Tier 1,Basic,50,30.62,9,0,7.0,1
CUST1068,21,Male,Tier 1,Standard,14,108.66,10,1,6.6,0
CUST1069,19,Female,Tier 1,Premium,64,27.14,4,0,8.4,0
CUST1070,23,Male,Tier 1,Basic,47,51.45,11,1,8.7,0
CUST1071,59,Male,Tier 2,Standard,29,70.7,8,1,7.6,1
CUST1072,21,Male,Tier 2,Basic,36,30.58,7,1,7.0,0
CUST1073,46,Male,Tier 1,Standard,52,14.66,12,0,7.7,0
CUST1074,35,Male,Tier 2,Basic,7,17.88,6,1,5.6,1
CUST1075,43,Male,Tier 2,Basic,29,32.62,9,2,6.9,0
CUST1076,61,Female,Tier 2,Standard,11,30.63,5,1,7.0,1
CUST1077,51,Male,Tier 3,Standard,33,41.14,8,2,6.9,1
CUST1078,27,Female,Tier 1,Basic,6,61.67,8,1,6.7,0
CUST1079,53,Female,Tier 1,Basic,32,77.24,6,3,5.9,1
CUST1080,31,Male,Tier 2,Standard,51,83.16,6,0,5.2,1
CUST1081,48,Female,Tier 3,Standard,58,149.55,11,0,,0
CUST1082,65,Female,Tier 2,Premium,26,21.29,9,0,8.1,0
CUST1083,32,Female,Tier 3,Standard,46,152.17,13,2,3.9,1
CUST1084,25,Female,Tier 2,Premium,29,37.92,7,3,6.1,1
CUST1085,31,Male,Tier 2,Basic,4,35.0,5,2,10.0,1
CUST1086,40,Female,Tier 2,Basic,13,74.6,10,2,6.7,1
CUST1087,57,Male,Tier 2,Basic,39,26.25,7,1,7.3,1
CUST1088,38,Female,Tier 2,Basic,15,66.61,9,2,10.0,0
CUST1089,33,Female,Tier 2,Standard,29,-1,10,2,7.6,0
CUST1090,62,Male,Tier 2,Standard,29,31.17,7,0,7.6,0
CUST1091,35,Female,Tier 2,Basic,32,72.92,6,1,5.4,0
CUST1092,64,Female,Tier 1,Standard,2,62.44,8,0,7.6,0
CUST1093,41,Female,Tier 2,Standard,47,164.88,7,0,7.0,0
CUST1094,43,Male,Tier 2,Standard,22,8.14,6,1,8.7,1
CUST1095,42,Female,Tier 3,Basic,27,27.62,10,3,9.3,1
CUST1096,62,Male,Tier 2,Standard,67,13.3,9,5,,1
CUST1097,58,Female,Tier 1,Basic,56,72.54,4,1,7.7,0
CUST1098,46,Male,Tier 1,Premium,21,47.81,9,2,3.6,1
CUST1099,32,Male,Tier 2,Premium,47,124.75,14,0,3.0,0
CUST1100,62,Female,Tier 1,Basic,59,14.96,5,2,,1
CUST1101,18,Female,Tier 3,Basic,6,38.22,11,2,2.5,1
CUST1102,42,Male,Tier 1,Standard,19,107.09,2,0,7.6,0
CUST1103,24,Male,Tier 3,Basic,57,33.5,4,0,6.7,0
CUST1104,26,Female,Tier 2,Basic,69,31.02,9,0,9.2,0
CUST1105,41,Male,Tier 3,Premium,3,27.46,2,0,6.9,0
CUST1106,18,Female,Tier 1,Basic,1,18.92,10,4,10.0,1
CUST1107,61,Female,Tier 2,Basic,58,-1,8,2,6.6,1
CUST1108,25,Female,Tier 1,Standard,38,24.61,13,0,9.1,0
CUST1109,41,Female,Tier 1,Basic,15,9.01,6,3,4.3,1
CUST1110,28,Male,Tier 1,Basic,34,45.19,11,0,2.9,1
CUST1111,68,Female,Tier 2,Standard,61,28.28,7,2,6.9,1
CUST1112,34,Male,Tier 1,Basic,35,1.85,4,1,4.5,1
CUST1113,25,Female,Tier 3,Standard,64,9.19,4,1,6.9,0
CUST1114,52,Male,Tier 1,Premium,25,1.79,4,3,6.3,0
CUST1115,52,Female,Tier 1,Premium,24,10.2,6,0,8.1,0
CUST1116,50,Male,Tier 1,Basic,12,91.38,5,2,5.1,1
CUST1117,22,Male,Tier 2,Basic,18,45.7,11,1,7.8,1
CUST1118,59,Female,Tier 1,Standard,15,27.89,11,2,8.6,1
CUST1119,56,Female,Tier 3,Standard,27,72.04,4,0,,0
CUST1120,58,Female,Tier 2,Premium,60,27.71,6,2,7.9,1
CUST1121,45,Female,Tier 3,Standard,46,11.62,7,2,5.2,1
CUST1122,24,Male,Tier 1,Basic,17,25.59,6,2,6.3,0
CUST1123,26,Female,Tier 2,Basic,53,75.74,8,1,4.6,1
CUST1124,25,Male,Tier 2,Standard,8,48.3,7,0,10.0,0
CUST1125,29,Male,Tier 3,Premium,27,82.61,4,3,9.2,1
CUST1126,51,Female,Tier 2,Basic,46,39.63,8,0,10.0,0
CUST1127,50,Male,Tier 3,Standard,50,25.37,4,0,9.2,0
CUST1128,65,Male,Tier 1,Basic,71,110.05,13,2,5.8,0
CUST1129,40,Male,Tier 2,Basic,3,22.71,7,0,4.2,1
CUST1130,41,Male,Tier 1,Basic,64,75.15,7,2,6.2,0
CUST1131,54,Female,Tier 1,Premium,44,14.24,6,1,7.9,0
CUST1132,52,Female,Tier 1,Standard,53,73.69,9,3,6.5,1
CUST1133,61,Female,Tier 3,Premium,24,61.44,7,1,3.0,1
CUST1134,57,Female,Tier 3,Premium,60,74.07,7,0,8.3,0
CUST1135,39,Male,Tier 1,Basic,3,13.62,10,6,4.1,1
CUST1136,44,Male,Tier 3,Standard,20,48.23,10,0,6.2,1
CUST1137,52,Female,Tier 2,Premium,46,20.44,10,0,10.0,0
CUST1138,18,Female,Tier 2,Standard,15,7.62,3,0,7.1,1
CUST1139,52,Female,Tier 1,Standard,25,18.92,9,4,8.9,1
CUST1140,54,Male,Tier 2,Basic,71,101.03,10,1,7.6,0
CUST1141,64,Female,Tier 1,Standard,17,100.84,10,2,5.2,1
CUST1142,31,Female,Tier 1,Basic,9,14.63,8,0,8.3,1
CUST1143,20,Female,Tier 2,Basic,38,41.89,9,3,,1
CUST1144,18,Male,Tier 3,Basic,48,58.01,14,1,4.3,0
CUST1145,22,Male,Tier 2,Basic,60,15.71,9,0,4.0,1
CUST1146,43,Male,Tier 3,Basic,63,62.43,11,1,7.7,0
CUST1147,31,Male,Tier 3,Basic,2,78.85,9,1,10.0,0
CUST1148,56,Male,Tier 1,Basic,11,35.94,4,1,5.1,1
CUST1149,44,Male,Tier 1,Basic,64,21.46,8,1,5.3,1
CUST1150,26,Male,Tier 2,Basic,21,36.28,13,3,7.7,1
CUST1151,32,Male,Tier 3,Standard,18,9.77,3,1,4.6,0
CUST1152,32,Female,Tier 3,Standard,64,85.47,9,2,10.0,0
CUST1153,43,Female,Tier 2,Standard,38,31.75,8,1,5.4,0
CUST1154,59,Male,Tier 2,Premium,32,89.17,7,1,6.1,0
CUST1155,30,Male,Tier 2,Basic,11,46.06,5,0,5.6,1
CUST1156,68,Female,Tier 1,Basic,45,18.3,2,0,8.7,0
CUST1157,49,Male,Tier 1,Basic,33,3.63,6,0,10.0,0
CUST1158,56,Male,Tier 2,Premium,41,39.19,4,0,5.7,0
CUST1159,66,Male,Tier 3,Standard,8,31.48,8,1,8.6,1
CUST1160,69,Female,Tier 3,Basic,11,57.89,10,0,4.6,0
CUST1161,49,Female,Tier 1,Basic,51,16.49,7,0,8.7,0
CUST1162,21,Female,Tier 2,Standard,41,36.88,9,6,10.0,1
CUST1163,47,Female,Tier 3,Basic,17,57.17,6,0,9.6,0
CUST1164,54,Female,Tier 2,Standard,46,57.4,8,1,7.2,0
CUST1165,40,Male,Tier 1,Premium,32,-1,7,2,5.1,0
CUST1166,56,Female,Tier 2,Standard,54,94.87,2,0,7.0,0
CUST1167,62,Male,Tier 2,Premium,20,45.36,9,1,6.4,1
CUST1168,32,Male,Tier 2,Basic,33,42.58,5,0,6.2,0
CUST1169,60,Female,Tier 2,Standard,40,56.67,11,1,7.4,0
CUST1170,46,Female,Tier 3,Premium,32,6.7,10,1,6.9,0
CUST1171,53,Male,Tier 1,Standard,2,10.19,7,2,8.3,1
CUST1172,30,Male,Tier 1,Standard,33,15.36,9,2,8.3,1
CUST1173,49,Male,Tier 2,Standard,30,40.52,5,2,6.9,1
CUST1174,24,Female,Tier 1,Premium,33,28.15,6,1,7.8,0
CUST1175,68,Female,Tier 3,Basic,26,19.58,4,0,9.4,0
CUST1176,39,Female,Tier 1,Basic,22,44.81,8,2,,0
CUST1177,45,Female,Tier 2,Basic,66,197.5,9,1,7.0,0
CUST1178,19,Female,Tier 3,Premium,38,6.34,8,4,5.1,1
CUST1179,59,Male,Tier 1,Premium,46,29.19,9,1,7.9,0
CUST1180,62,Female,Tier 3,Basic,15,84.01,4,1,7.4,1
CUST1181,23,Male,Tier 2,Basic,44,42.66,9,1,7.8,0
CUST1182,45,Male,Tier 1,Premium,49,11.9,10,2,5.2,1
CUST1183,45,Male,Tier 3,Basic,61,47.43,7,0,8.4,0
CUST1184,61,Female,Tier 1,Basic,67,97.01,5,2,7.2,0
CUST1185,61,Female,Tier 2,Basic,6,26.99,8,1,,1
CUST1186,37,Female,Tier 1,Basic,9,62.68,9,0,6.2,1
CUST1187,47,Male,Tier 1,Standard,6,16.16,9,2,8.2,1
CUST1188,28,Male,Tier 3,Basic,32,13.68,7,2,7.8,1
CUST1189,45,Male,Tier 2,Standard,41,23.04,5,0,9.7,0
CUST1190,42,Male,Tier 1,Premium,8,58.14,10,0,6.8,0
CUST1191,56,Male,Tier 2,Basic,50,-1,6,1,6.0,0
CUST1192,50,Male,Tier 2,Basic,62,115.14,10,1,6.1,0
CUST1193,18,Female,Tier 3,Premium,62,23.38,4,2,5.0,1
CUST1194,44,Female,Tier 2,Standard,7,44.16,7,3,6.1,1
CUST1195,69,Female,Tier 3,Basic,4,42.28,12,2,2.8,1
CUST1196,30,Female,Tier 2,Basic,6,66.53,8,1,9.5,0
CUST1197,58,Male,Tier 2,Basic,58,5.3,7,2,10.0,0
CUST1198,20,Male,Tier 3,Standard,22,39.18,6,0,6.7,0
CUST1199,56,Female,Tier 1,Basic,26,6.25,12,1,7.8,1
CUST1200,23,Male,Tier 1,Basic,3,140.62,5,0,7.3,0
CUST1201,25,Female,Tier 1,Basic,41,102.94,6,3,4.6,0
CUST1202,44,Female,Tier 1,Standard,60,20.18,5,0,8.8,0
CUST1203,26,Female,Tier 1,Basic,14,153.63,10,1,9.1,0
CUST1204,54,Male,Tier 2,Standard,12,14.19,10,2,5.1,1
CUST1205,50,Female,Tier 2,Basic,12,47.15,5,1,7.6,0
CUST1206,68,Female,Tier 1,Basic,13,41.42,11,2,6.5,1
CUST1207,59,Female,Tier 1,Standard,25,11.05,8,0,9.1,0
CUST1208,61,Male,Tier 1,Standard,45,81.12,4,0,6.9,0
CUST1209,41,Male,Tier 2,Standard,19,77.28,8,1,,0
CUST1210,32,Female,Tier 2,Standard,55,72.68,3,1,10.0,1
CUST1211,49,Male,Tier 1,Basic,45,44.27,4,1,4.7,1
CUST1212,49,Male,Tier 3,Standard,8,87.12,6,0,7.4,0
CUST1213,41,Male,Tier 2,Basic,53,26.84,13,0,7.2,0
CUST1214,58,Male,Tier 3,Basic,55,83.71,6,2,5.9,0
CUST1215,69,Male,Tier 1,Standard,32,37.8,5,3,10.0,1
CUST1216,66,Male,Tier 2,Premium,51,31.19,4,3,7.6,1
CUST1217,66,Male,Tier 2,Standard,44,58.62,8,1,8.2,0
CUST1218,69,Male,Tier 3,Standard,70,59.4,5,0,8.5,0
CUST1219,29,Male,Tier 2,Premium,18,34.89,6,4,6.4,1
CUST1220,56,Male,Tier 3,Basic,22,19.37,10,0,9.2,1
CUST1221,19,Female,Tier 2,Premium,37,58.76,16,1,8.9,0
CUST1222,20,Female,Tier 2,Standard,56,5.89,5,1,6.8,0
CUST1223,66,Male,Tier 3,Standard,59,22.57,10,1,8.7,0
CUST1224,54,Female,Tier 2,Standard,3,53.49,6,0,9.2,0
CUST1225,66,Female,Tier 2,Standard,28,14.23,10,2,8.4,1
CUST1226,34,Male,Tier 1,Standard,35,39.4,6,1,5.5,1
CUST1227,66,Male,Tier 3,Basic,61,57.0,9,1,6.8,0
CUST1228,19,Male,Tier 2,Premium,54,31.65,11,0,7.9,0
CUST1229,19,Female,Tier 2,Basic,63,28.28,4,3,7.5,1
CUST1230,45,Female,Tier 1,Basic,7,22.96,12,1,5.7,1
CUST1231,40,Male,Tier 2,Basic,49,47.47,10,0,6.5,0
CUST1232,54,Male,Tier 2,Basic,31,93.78,6,1,7.6,0
CUST1233,49,Male,Tier 2,Basic,58,29.88,12,0,4.3,0
CUST1234,50,Female,Tier 2,Basic,61,11.07,10,1,,1
CUST1235,18,Female,Tier 1,Basic,24,67.6,6,2,8.3,0
CUST1236,36,Female,Tier 1,Basic,20,56.2,10,1,7.5,1
CUST1237,19,Female,Tier 2,Basic,37,149.19,8,0,5.5,0
CUST1238,61,Male,Tier 1,Basic,4,74.04,10,0,5.8,1
CUST1239,43,Male,Tier 2,Premium,20,21.49,6,1,9.7,0
CUST1240,49,Male,Tier 2,Basic,60,16.41,5,0,5.3,1
CUST1241,23,Male,Tier 3,Basic,24,23.01,15,3,9.1,1
CUST1242,49,Female,Tier 1,Basic,50,114.83,11,2,5.9,0
CUST1243,21,Female,Tier 1,Basic,49,62.32,6,0,9.0,0
CUST1244,28,Male,Tier 2,Standard,51,73.76,10,3,8.0,0
CUST1245,34,Male,Tier 2,Basic,36,68.9,8,1,6.4,0
CUST1246,55,Female,Tier 1,Basic,66,79.48,13,0,3.8,0
CUST1247,41,Male,Tier 3,Basic,34,17.6,5,0,7.7,0
CUST1248,22,Female,Tier 2,Standard,36,36.43,10,0,7.3,0
CUST1249,69,Male,Tier 1,Standard,6,46.68,10,1,7.7,1
CUST1250,51,Male,Tier 1,Basic,39,75.97,2,4,8.0,1
CUST1251,23,Male,Tier 3,Basic,42,46.75,9,1,4.6,0
CUST1252,39,Male,Tier 1,Basic,58,64.33,8,0,7.7,0
CUST1253,28,Male,Tier 1,Standard,12,36.43,12,1,8.3,1
CUST1254,65,Male,Tier 1,Basic,3,44.25,7,1,8.3,0
CUST1255,33,Male,Tier 2,Basic,18,26.2,11,2,4.7,1
CUST1256,50,Female,Tier 3,Basic,40,19.96,7,0,9.1,0
CUST1257,26,Female,Tier 1,Basic,21,56.37,8,0,7.8,0
CUST1258,23,Female,Tier 1,Basic,15,25.61,10,1,8.0,0
CUST1259,33,Female,Tier 1,Basic,26,20.2,7,0,5.4,0
CUST1260,46,Female,Tier 2,Basic,8,29.78,9,1,8.4,1
CUST1261,20,Male,Tier 1,Basic,42,40.7,8,2,3.9,0
CUST1262,37,Male,Tier 3,Standard,44,51.67,7,1,5.5,0
CUST1263,53,Female,Tier 1,Basic,14,20.13,9,1,9.3,1
CUST1264,36,Male,Tier 1,Standard,2,33.09,10,0,8.3,1
CUST1265,43,Female,Tier 1,Standard,37,53.15,6,1,7.5,0
CUST1266,20,Female,Tier 3,Standard,69,20.19,3,4,8.7,1
CUST1267,36,Male,Tier 2,Premium,38,106.18,7,1,8.8,0
CUST1268,37,Male,Tier 3,Basic,41,90.86,2,1,8.4,0
CUST1269,49,Male,Tier 1,Basic,62,63.04,10,0,6.6,0
CUST1270,24,Female,Tier 1,Standard,60,67.38,4,2,5.4,1
CUST1271,69,Male,Tier 2,Standard,14,36.58,7,1,5.8,1
CUST1272,58,Female,Tier 2,Standard,2,31.54,13,2,9.5,1
CUST1273,50,Female,Tier 2,Basic,70,142.68,7,2,4.7,1
CUST1274,57,Female,Tier 1,Standard,17,45.44,8,0,7.9,0
CUST1275,56,Male,Tier 1,Premium,28,32.42,5,0,7.9,0
CUST1276,35,Male,Tier 1,Basic,66,18.36,8,2,9.6,0
CUST1277,57,Female,Tier 2,Premium,35,45.02,8,2,7.9,1
CUST1278,18,Male,Tier 2,Basic,5,47.63,6,0,6.2,1
CUST1279,28,Male,Tier 3,Basic,65,44.38,9,1,6.3,0
CUST1280,45,Male,Tier 1,Basic,40,66.76,13,1,7.0,0
CUST1281,42,Female,Tier 3,Basic,56,33.39,9,2,9.0,1
CUST1282,67,Female,Tier 2,Standard,36,105.86,10,1,8.5,1
CUST1283,40,Male,Tier 1,Standard,45,26.3,11,1,5.0,1
CUST1284,48,Female,Tier 3,Standard,23,28.97,8,1,7.5,1
CUST1285,47,Male,Tier 2,Basic,47,31.73,7,1,8.5,1
CUST1286,59,Male,Tier 2,Basic,31,35.78,4,1,6.6,1
CUST1287,52,Male,Tier 2,Basic,11,23.09,3,2,3.1,1
CUST1288,24,Male,Tier 1,Premium,10,5.61,10,2,6.6,1
CUST1289,33,Female,Tier 2,Basic,67,22.37,12,1,4.3,0
CUST1290,43,Female,Tier 3,Premium,14,65.43,8,2,4.0,1
CUST1291,65,Female,Tier 1,Basic,10,13.29,10,2,8.9,1
CUST1292,69,Male,Tier 2,Basic,1,63.8,6,0,10.0,0
CUST1293,66,Male,Tier 2,Basic,5,144.64,6,1,9.5,0
CUST1294,19,Male,Tier 1,Basic,20,97.11,8,2,2.3,0
CUST1295,18,Female,Tier 1,Premium,8,47.74,8,1,6.7,0
CUST1296,65,Male,Tier 1,Standard,43,28.22,11,1,5.9,1
CUST1297,29,Female,Tier 2,Premium,1,30.11,7,2,4.4,1
CUST1298,22,Female,Tier 3,Standard,57,46.7,9,0,7.8,0
CUST1299,54,Female,Tier 2,Standard,64,65.74,10,3,6.7,1
CUST1300,49,Female,Tier 1,Standard,28,75.52,8,2,4.9,1
CUST1301,26,Female,Tier 2,Standard,37,129.07,4,2,3.3,0
CUST1302,58,Female,Tier 3,Standard,47,154.87,9,1,5.9,0
CUST1303,52,Male,Tier 1,Basic,37,57.26,3,1,7.0,0
CUST1304,36,Male,Tier 3,Basic,49,23.55,12,1,6.8,0
CUST1305,65,Female,Tier 2,Standard,44,65.47,9,3,8.9,1
CUST1306,33,Female,Tier 1,Basic,56,14.69,7,1,7.6,1
CUST1307,20,Male,Tier 1,Basic,28,18.11,9,2,6.4,0
CUST1308,37,Female,Tier 2,Premium,6,89.43,4,0,5.5,0
CUST1309,41,Female,Tier 2,Basic,61,60.7,6,0,3.8,0
CUST1310,50,Male,Tier 3,Standard,20,52.16,5,0,,0
CUST1311,41,Female,Tier 2,Basic,2,127.17,9,1,9.4,0
CUST1312,69,Female,Tier 1,Standard,37,57.93,12,1,8.6,0
CUST1313,28,Female,Tier 1,Basic,20,48.41,5,0,7.5,0
CUST1314,66,Male,Tier 2,Premium,26,38.5,8,2,6.1,1
CUST1315,25,Male,Tier 1,Premium,29,26.46,7,1,9.2,1
CUST1316,53,Male,Tier 2,Premium,1,58.17,10,0,5.2,0
CUST1317,55,Female,Tier 1,Basic,35,37.07,8,0,5.2,0
CUST1318,57,Female,Tier 1,Basic,70,12.11,8,6,6.8,1
CUST1319,37,Male,Tier 1,Premium,59,48.16,10,1,3.1,1
CUST1320,52,Female,Tier 1,Standard,69,39.83,10,3,5.1,1
CUST1321,65,Female,Tier 2,Premium,33,89.45,7,2,6.6,1
CUST1322,42,Female,Tier 1,Standard,51,2.41,8,2,6.2,1
CUST1323,52,Female,Tier 3,Basic,12,64.11,12,1,5.2,1
CUST1324,42,Female,Tier 2,Basic,20,40.72,2,1,,1
CUST1325,46,Male,Tier 2,Standard,53,9.47,11,1,9.5,0
CUST1326,35,Female,Tier 2,Standard,43,45.7,10,0,10.0,0
CUST1327,63,Male,Tier 2,Basic,50,27.38,7,0,6.8,0
CUST1328,35,Female,Tier 1,Basic,29,25.78,15,1,6.1,0
CUST1329,19,Male,Tier 3,Standard,57,61.43,5,2,9.9,0
CUST1330,52,Female,Tier 2,Standard,39,71.3,2,0,7.2,0
CUST1331,33,Male,Tier 1,Basic,56,61.05,9,1,5.1,0
CUST1332,58,Female,Tier 2,Basic,43,37.86,14,3,5.2,1
CUST1333,53,Male,Tier 2,Basic,50,56.26,7,1,6.4,0
CUST1334,50,Female,Tier 1,Basic,23,61.17,5,2,7.0,1
CUST1335,21,Male,Tier 3,Premium,44,110.37,9,0,7.1,0
CUST1336,50,Female,Tier 1,Standard,38,34.95,8,1,6.7,0
CUST1337,31,Male,Tier 2,Standard,23,52.34,9,0,10.0,0
CUST1338,38,Male,Tier 3,Standard,45,85.82,8,0,4.6,0
CUST1339,65,Female,Tier 1,Basic,52,77.72,7,1,8.2,0
CUST1340,37,Female,Tier 1,Standard,50,3.89,8,1,6.1,0
CUST1341,25,Male,Tier 1,Premium,8,27.77,7,1,6.9,1
CUST1342,24,Female,Tier 1,Standard,1,58.69,10,2,8.7,1
CUST1343,20,Male,Tier 1,Basic,8,19.92,8,1,3.8,1
CUST1344,34,Male,Tier 3,Standard,29,20.45,5,0,5.3,0
CUST1345,50,Male,Tier 3,Premium,5,41.43,6,1,6.8,0
CUST1346,65,Female,Tier 2,Basic,47,64.84,8,1,9.7,0
CUST1347,29,Male,Tier 1,Basic,34,22.25,8,2,9.6,0
CUST1348,68,Male,Tier 3,Premium,65,49.97,9,1,9.3,0
CUST1349,39,Female,Tier 2,Premium,55,7.31,11,1,3.1,1
CUST1350,39,Female,Tier 1,Basic,43,29.46,12,1,,0
CUST1351,63,Female,Tier 2,Basic,30,96.13,9,1,5.2,0
CUST1352,47,Female,Tier 1,Basic,17,5.37,5,2,6.9,1
CUST1353,55,Male,Tier 3,Basic,26,59.45,3,2,3.7,1
CUST1354,55,Male,Tier 2,Premium,8,66.69,13,0,9.0,0
CUST1355,62,Male,Tier 2,Basic,47,57.6,12,0,,0
CUST1356,68,Male,Tier 2,Basic,46,19.52,16,2,8.9,0
CUST1357,25,Female,Tier 2,Premium,68,59.64,8,0,8.6,0
CUST1358,44,Male,Tier 1,Basic,33,124.28,13,1,5.0,0
CUST1359,44,Male,Tier 2,Standard,1,36.07,10,2,9.3,1
CUST1360,51,Female,Tier 3,Basic,19,47.52,8,1,6.4,1
CUST1361,38,Male,Tier 1,Standard,31,32.28,13,1,5.9,1
CUST1362,47,Male,Tier 3,Premium,14,88.37,10,1,6.2,1
CUST1363,50,Male,Tier 2,Basic,53,45.4,12,0,6.4,0
CUST1364,45,Male,Tier 1,Standard,48,82.13,8,0,6.6,0
CUST1365,64,Male,Tier 2,Premium,69,70.68,9,1,6.6,0
CUST1366,50,Male,Tier 3,Premium,62,8.15,9,1,5.4,0
CUST1367,22,Female,Tier 2,Basic,66,10.77,6,1,5.8,0
CUST1368,65,Female,Tier 2,Basic,64,18.26,6,1,6.0,0
CUST1369,36,Male,Tier 2,Basic,70,23.95,11,1,10.0,1
CUST1370,21,Male,Tier 2,Basic,63,94.38,7,1,6.0,1
CUST1371,52,Female,Tier 1,Basic,33,25.04,11,0,5.9,0
CUST1372,66,Male,Tier 1,Basic,41,40.11,10,0,9.7,0
CUST1373,34,Male,Tier 1,Standard,48,80.61,7,1,6.4,0
CUST1374,61,Male,Tier 1,Standard,13,3.31,5,0,5.4,1
CUST1375,45,Female,Tier 1,Premium,31,36.31,3,1,5.0,0
CUST1376,47,Male,Tier 2,Standard,68,26.26,5,1,4.4,0
CUST1377,46,Female,Tier 2,Basic,4,82.74,4,2,8.0,1
CUST1378,63,Male,Tier 1,Standard,19,36.64,9,0,3.8,0
CUST1379,23,Female,Tier 1,Standard,70,88.58,11,0,9.4,0
CUST1380,52,Female,Tier 1,Basic,13,18.71,2,1,6.8,1
CUST1381,58,Male,Tier 1,Basic,23,63.8,11,1,6.2,1
CUST1382,54,Female,Tier 1,Premium,1,104.96,13,0,6.6,0
CUST1383,41,Male,Tier 2,Basic,54,19.74,10,0,7.8,0
CUST1384,46,Female,Tier 1,Premium,71,18.4,10,3,6.2,0
CUST1385,66,Male,Tier 2,Premium,15,68.83,10,1,6.7,0
CUST1386,63,Male,Tier 2,Basic,65,21.82,11,1,8.9,0
CUST1387,48,Female,Tier 1,Standard,71,12.36,11,3,7.6,1
CUST1388,52,Male,Tier 1,Basic,15,6.39,8,0,4.8,1
CUST1389,50,Male,Tier 1,Premium,21,46.12,7,0,5.7,0
CUST1390,69,Female,Tier 1,Standard,19,6.87,8,1,3.8,1
CUST1391,38,Male,Tier 1,Basic,60,32.89,6,4,8.1,1
CUST1392,49,Male,Tier 2,Standard,33,47.47,11,1,8.3,0
CUST1393,40,Female,Tier 1,Standard,49,15.98,7,2,5.3,1
CUST1394,50,Female,Tier 3,Basic,35,13.61,10,1,10.0,0
CUST1395,20,Male,Tier 1,Premium,44,36.09,9,1,10.0,0
CUST1396,35,Male,Tier 2,Basic,11,33.42,11,0,7.0,0
CUST1397,42,Female,Tier 2,Standard,66,49.19,6,4,5.6,1
CUST1398,59,Female,Tier 1,Basic,46,35.4,5,0,7.5,0
CUST1399,48,Male,Tier 1,Standard,9,39.51,6,2,5.5,1
CUST1400,20,Female,Tier 2,Standard,3,66.0,10,3,8.7,0
CUST1401,57,Male,Tier 3,Standard,26,15.06,10,2,7.3,1
CUST1402,63,Male,Tier 1,Standard,48,70.28,7,0,7.4,0
CUST1403,41,Male,Tier 1,Standard,66,90.41,5,2,10.0,0
CUST1404,67,Male,Tier 1,Basic,70,36.04,4,0,5.9,0
CUST1405,49,Male,Tier 1,Basic,28,4.98,11,1,6.0,0
CUST1406,64,Female,Tier 3,Basic,26,30.07,13,1,8.5,0
CUST1407,39,Female,Tier 2,Basic,25,52.11,5,2,6.2,1
CUST1408,40,Female,Tier 1,Basic,12,43.43,10,1,9.9,0
CUST1409,19,Female,Tier 1,Premium,5,225.15,5,0,8.8,0
CUST1410,44,Male,Tier 1,Premium,48,2.62,12,2,6.3,1
CUST1411,59,Male,Tier 3,Basic,37,102.17,10,1,3.7,0
CUST1412,19,Male,Tier 3,Basic,44,56.77,10,0,4.4,0
CUST1413,43,Male,Tier 1,Basic,15,32.63,4,1,6.1,0
CUST1414,34,Female,Tier 2,Standard,43,9.72,5,0,7.7,0
CUST1415,57,Male,Tier 3,Basic,48,83.76,13,1,9.0,0
CUST1416,50,Male,Tier 1,Standard,70,35.39,6,3,6.6,0
CUST1417,26,Female,Tier 1,Standard,46,28.25,12,3,5.4,1
CUST1418,60,Female,Tier 1,Standard,43,42.55,5,3,6.7,1
CUST1419,65,Female,Tier 1,Basic,21,45.04,10,3,7.0,1
CUST1420,56,Female,Tier 1,Basic,23,13.29,4,1,9.3,1
CUST1421,46,Male,Tier 3,Basic,47,29.15,11,2,9.2,0
CUST1422,59,Male,Tier 2,Basic,15,83.46,5,1,5.2,1
CUST1423,43,Female,Tier 1,Premium,25,35.96,8,1,7.8,0
CUST1424,52,Male,Tier 1,Basic,36,23.49,9,3,,0
CUST1425,67,Male,Tier 2,Basic,51,34.58,10,2,5.5,1
CUST1426,42,Male,Tier 1,Premium,15,47.21,4,0,8.9,0
CUST1427,41,Female,Tier 1,Basic,68,40.37,7,1,6.6,0
CUST1428,30,Male,Tier 1,Basic,21,50.78,7,0,8.2,0
CUST1429,24,Female,Tier 2,Premium,13,31.08,4,1,8.0,1
CUST1430,53,Male,Tier 1,Standard,19,40.79,18,2,6.9,1
CUST1431,62,Male,Tier 1,Basic,34,33.62,7,1,7.6,1
CUST1432,37,Male,Tier 2,Standard,68,55.49,7,0,7.4,0
CUST1433,18,Female,Tier 1,Standard,52,42.93,1,1,4.9,0
CUST1434,25,Male,Tier 3,Basic,27,11.56,8,1,7.9,1
CUST1435,63,Female,Tier 2,Standard,29,54.96,8,0,5.7,0
CUST1436,33,Female,Tier 1,Standard,28,55.59,6,3,,1
CUST1437,31,Female,Tier 1,Premium,35,181.64,9,0,8.5,0
CUST1438,29,Male,Tier 2,Premium,8,135.98,4,1,5.9,0
CUST1439,68,Male,Tier 1,Basic,16,59.54,6,1,9.0,1
CUST1440,40,Male,Tier 2,Standard,36,38.01,12,1,9.0,1
CUST1441,32,Male,Tier 2,Basic,30,22.42,15,3,,1
CUST1442,45,Female,Tier 2,Basic,18,45.48,3,2,,1
CUST1443,51,Female,Tier 3,Basic,2,19.31,9,0,6.3,0
CUST1444,19,Female,Tier 1,Standard,49,-1,6,1,6.9,0
CUST1445,49,Male,Tier 2,Standard,4,4.67,5,0,7.9,0
CUST1446,40,Female,Tier 2,Basic,7,72.16,4,2,10.0,1
CUST1447,39,Male,Tier 3,Standard,39,187.73,13,2,8.7,0
CUST1448,68,Female,Tier 2,Standard,13,157.12,7,1,6.9,1
CUST1449,42,Male,Tier 2,Standard,31,17.41,8,0,7.2,0
CUST1450,39,Male,Tier 1,Basic,71,10.27,8,1,4.2,0
CUST1451,39,Female,Tier 2,Standard,63,106.98,9,0,8.8,0
CUST1452,66,Female,Tier 1,Premium,56,65.1,10,0,8.6,0
CUST1453,69,Female,Tier 2,Basic,42,36.63,14,2,,1
CUST1454,59,Female,Tier 1,Basic,61,69.6,3,0,8.3,0
CUST1455,23,Male,Tier 1,Premium,42,18.95,4,1,3.4,1
CUST1456,32,Female,Tier 3,Standard,56,66.2,8,1,5.1,1
CUST1457,60,Female,Tier 1,Standard,36,15.0,9,3,10.0,0
CUST1458,54,Female,Tier 1,Basic,68,69.86,13,3,6.5,1
CUST1459,50,Male,Tier 1,Standard,7,32.09,5,2,8.4,1
CUST1460,25,Male,Tier 1,Basic,54,50.67,8,3,5.7,1
CUST1461,61,Female,Tier 2,Basic,1,52.01,4,2,6.2,1
CUST1462,61,Male,Tier 1,Basic,44,142.73,8,2,10.0,0
CUST1463,22,Female,Tier 1,Basic,45,61.63,5,0,6.7,0
CUST1464,56,Male,Tier 1,Standard,47,86.07,12,1,7.9,0
CUST1465,21,Male,Tier 1,Premium,13,60.49,6,2,7.2,0
CUST1466,23,Male,Tier 1,Basic,22,39.32,9,2,,0
CUST1467,62,Male,Tier 2,Standard,21,34.33,8,2,7.4,1
CUST1468,49,Female,Tier 1,Basic,9,34.21,12,0,3.4,1
CUST1469,69,Female,Tier 1,Basic,26,68.49,11,2,7.9,1
CUST1470,47,Female,Tier 3,Premium,9,117.29,6,4,6.0,1
CUST1471,64,Male,Tier 3,Basic,15,119.8,7,2,,0
CUST1472,52,Female,Tier 1,Basic,10,33.53,3,3,5.6,1
CUST1473,57,Female,Tier 1,Basic,42,77.62,10,0,6.2,0
CUST1474,69,Female,Tier 2,Standard,24,28.16,4,1,10.0,0
CUST1475,33,Male,Tier 2,Basic,49,100.79,9,1,8.3,0
CUST1476,30,Male,Tier 3,Basic,26,30.21,13,0,5.2,0
CUST1477,67,Male,Tier 1,Standard,37,109.38,13,0,7.3,0
CUST1478,59,Female,Tier 2,Basic,68,75.72,11,2,4.8,0
CUST1479,47,Female,Tier 3,Basic,50,30.34,11,1,7.5,0
CUST1480,36,Female,Tier 2,Basic,24,82.96,6,0,5.6,0
CUST1481,34,Male,Tier 1,Basic,19,34.47,4,2,10.0,0
CUST1482,36,Male,Tier 1,Standard,60,260.35,11,2,7.8,0
CUST1483,45,Female,Tier 1,Standard,39,39.98,6,0,7.9,0
CUST1484,43,Male,Tier 1,Standard,18,41.75,3,1,8.7,0
CUST1485,54,Male,Tier 2,Basic,19,55.82,15,0,8.9,0
CUST1486,43,Male,Tier 1,Basic,36,12.02,4,2,5.8,1
CUST1487,40,Male,Tier 1,Basic,55,81.92,14,0,7.2,0
CUST1488,26,Female,Tier 3,Basic,69,16.89,7,2,6.2,1
CUST1489,29,Male,Tier 2,Basic,47,110.49,7,1,10.0,0
CUST1490,18,Male,Tier 1,Basic,49,44.48,11,2,2.9,1
CUST1491,18,Male,Tier 1,Basic,33,73.61,5,3,6.0,0
CUST1492,64,Male,Tier 1,Standard,21,61.91,8,0,6.9,0
CUST1493,51,Female,Tier 1,Basic,22,135.82,7,1,7.2,0
CUST1494,49,Female,Tier 3,Basic,48,4.82,3,0,7.2,0
CUST1495,65,Male,Tier 1,Basic,37,27.7,7,2,,1
CUST1496,42,Male,Tier 2,Basic,15,62.88,8,1,6.7,1
CUST1497,57,Male,Tier 1,Standard,35,11.03,6,2,7.4,1
CUST1498,62,Male,Tier 3,Basic,71,108.11,5,0,7.8,0
CUST1499,18,Male,Tier 2,Basic,32,65.83,8,1,10.0,0
CUST1500,33,Male,Tier 3,Basic,11,33.08,5,0,10.0,0
CUST1501,56,Female,Tier 1,Basic,10,52.43,9,1,7.5,0
CUST1502,22,Male,Tier 3,Standard,57,27.28,6,1,6.1,0
CUST1503,39,Female,Tier 3,Premium,25,4.18,9,1,6.2,0
CUST1504,46,Female,Tier 2,Basic,2,30.9,12,0,4.6,1
CUST1505,20,Male,Tier 1,Standard,64,6.06,12,1,8.7,0
CUST1506,29,Female,Tier 1,Basic,35,34.9,5,2,6.9,0
CUST1507,43,Female,Tier 1,Basic,7,44.93,8,0,7.8,0
CUST1508,33,Female,Tier 1,Basic,18,89.32,6,0,7.6,0
CUST1509,68,Female,Tier 2,Premium,67,4.26,4,2,5.7,0
CUST1510,54,Female,Tier 2,Basic,42,62.1,6,0,5.5,0
CUST1511,39,Female,Tier 2,Premium,39,89.22,8,1,6.2,1
CUST1512,46,Male,Tier 1,Basic,41,133.31,5,0,7.9,0
CUST1513,31,Female,Tier 1,Basic,24,18.88,7,1,6.9,1
CUST1514,45,Female,Tier 1,Standard,60,27.29,9,1,3.8,0
CUST1515,22,Female,Tier 2,Premium,46,93.57,7,1,5.2,0
CUST1516,64,Male,Tier 2,Standard,19,21.02,12,0,6.5,0
CUST1517,66,Female,Tier 1,Standard,68,111.13,10,1,6.9,0
CUST1518,47,Male,Tier 2,Basic,42,27.45,13,2,7.9,1
CUST1519,63,Female,Tier 2,Basic,32,110.61,4,0,7.1,0
CUST1520,69,Male,Tier 3,Basic,39,27.09,10,2,6.3,1
CUST1521,22,Male,Tier 1,Basic,36,163.54,8,3,6.3,0
CUST1522,29,Female,Tier 2,Premium,36,104.23,6,0,7.4,0
CUST1523,33,Female,Tier 1,Standard,3,40.32,6,2,7.8,1
CUST1524,43,Male,Tier 1,Standard,8,140.26,12,2,6.4,1
CUST1525,43,Female,Tier 2,Basic,70,42.0,13,2,5.1,1
CUST1526,65,Male,Tier 2,Standard,41,55.87,11,2,6.8,1
CUST1527,38,Male,Tier 1,Premium,68,87.81,11,6,5.8,1
CUST1528,56,Male,Tier 1,Basic,13,69.31,5,2,7.5,1
CUST1529,53,Male,Tier 2,Basic,49,84.42,8,1,9.7,0
CUST1530,50,Male,Tier 1,Standard,60,52.88,9,1,4.6,0
CUST1531,47,Female,Tier 2,Standard,2,33.75,15,1,9.1,1
CUST1532,54,Male,Tier 3,Premium,60,54.56,12,2,7.8,0
CUST1533,40,Male,Tier 2,Basic,5,78.75,7,1,9.0,0
CUST1534,27,Female,Tier 2,Basic,44,86.8,9,4,6.2,1
CUST1535,22,Male,Tier 2,Basic,27,33.63,7,0,4.4,0
CUST1536,53,Female,Tier 3,Basic,32,53.51,7,0,7.3,0
CUST1537,51,Female,Tier 2,Standard,21,85.27,3,1,9.5,0
CUST1538,69,Female,Tier 1,Basic,8,245.47,9,0,5.1,0
CUST1539,48,Male,Tier 1,Premium,50,32.01,10,1,5.4,1
CUST1540,27,Male,Tier 3,Premium,67,-1,10,4,8.1,0
CUST1541,36,Male,Tier 1,Basic,44,11.68,11,1,6.1,1
CUST1542,49,Female,Tier 2,Basic,58,38.92,6,0,10.0,0
CUST1543,18,Male,Tier 3,Standard,3,54.43,5,0,8.2,0
CUST1544,22,Female,Tier 2,Standard,70,42.78,4,3,5.7,1
CUST1545,62,Male,Tier 1,Basic,2,21.83,6,2,6.0,1
CUST1546,21,Female,Tier 1,Basic,44,38.72,11,0,6.1,0
CUST1547,33,Male,Tier 1,Standard,2,19.13,10,0,6.9,0
CUST1548,41,Male,Tier 1,Standard,35,108.6,15,2,7.5,1
CUST1549,33,Male,Tier 3,Basic,30,63.39,9,0,7.4,0
CUST1550,19,Female,Tier 2,Standard,8,35.45,4,2,5.0,1
CUST1551,66,Female,Tier 2,Premium,22,30.32,11,1,8.6,0
CUST1552,45,Male,Tier 2,Basic,44,85.68,11,1,6.5,0
CUST1553,49,Male,Tier 1,Standard,58,7.77,9,1,5.3,0
CUST1554,44,Female,Tier 1,Basic,36,132.31,11,1,6.2,0
CUST1555,37,Female,Tier 1,Basic,69,101.51,9,2,8.8,0
CUST1556,41,Female,Tier 2,Basic,31,14.81,4,0,7.3,1
CUST1557,29,Male,Tier 2,Basic,47,67.19,11,3,7.5,1
CUST1558,67,Female,Tier 2,Standard,55,18.51,3,0,4.9,0
CUST1559,52,Male,Tier 2,Standard,62,14.49,8,1,7.2,0
CUST1560,50,Female,Tier 3,Basic,30,8.31,8,2,8.8,1
CUST1561,50,Male,Tier 1,Basic,55,12.77,4,2,3.8,1
CUST1562,68,Female,Tier 2,Standard,16,144.53,3,2,6.3,1
CUST1563,60,Female,Tier 1,Basic,12,116.88,4,0,8.1,0
CUST1564,54,Female,Tier 2,Basic,17,50.5,6,5,7.3,1
CUST1565,29,Female,Tier 1,Standard,16,20.71,8,1,5.2,1
CUST1566,20,Female,Tier 2,Premium,12,111.59,9,0,7.7,0
CUST1567,18,Male,Tier 1,Basic,8,84.74,5,1,4.9,0
CUST1568,50,Female,Tier 1,Standard,3,51.57,8,3,5.4,1
CUST1569,57,Female,Tier 3,Basic,16,55.15,7,0,5.6,1
CUST1570,27,Female,Tier 1,Standard,30,118.16,9,1,9.8,0
CUST1571,60,Male,Tier 1,Standard,23,4.18,6,0,4.0,0
CUST1572,61,Female,Tier 2,Standard,5,119.57,5,1,4.1,0
CUST1573,46,Male,Tier 2,Standard,65,178.72,1,3,7.5,0
CUST1574,30,Female,Tier 2,Basic,30,47.05,9,1,7.2,0
CUST1575,29,Female,Tier 2,Basic,21,9.21,8,0,6.2,1
CUST1576,48,Male,Tier 1,Basic,70,77.9,3,0,7.0,0
CUST1577,63,Female,Tier 1,Standard,22,12.41,7,0,5.1,1
CUST1578,19,Male,Tier 2,Premium,32,64.79,9,0,7.2,0
CUST1579,68,Male,Tier 1,Standard,33,61.15,6,0,7.4,0
CUST1580,67,Female,Tier 3,Standard,16,67.05,5,0,9.2,0
CUST1581,52,Male,Tier 1,Basic,38,68.47,5,3,10.0,1
CUST1582,40,Female,Tier 2,Basic,14,35.85,9,2,6.5,1
CUST1583,34,Female,Tier 3,Basic,36,9.74,8,4,4.7,1
CUST1584,43,Male,Tier 2,Basic,23,81.98,9,1,7.7,1
CUST1585,25,Male,Tier 2,Basic,66,54.24,6,0,6.8,0
CUST1586,46,Male,Tier 2,Standard,2,43.9,7,1,6.7,1
CUST1587,43,Male,Tier 2,Basic,65,10.44,6,0,4.1,0
CUST1588,27,Female,Tier 2,Standard,67,23.58,8,1,7.2,1
CUST1589,43,Female,Tier 1,Standard,52,51.2,10,0,7.8,0
CUST1590,51,Male,Tier 2,Basic,62,181.26,14,0,8.8,0
CUST1591,68,Female,Tier 1,Standard,23,14.07,11,1,6.1,1
CUST1592,58,Female,Tier 1,Basic,26,32.83,15,0,5.5,0
CUST1593,24,Female,Tier 2,Basic,68,88.17,6,2,6.1,0
CUST1594,21,Female,Tier 1,Basic,55,16.45,10,0,8.7,0
CUST1595,67,Male,Tier 2,Basic,6,88.92,4,2,9.5,1
CUST1596,62,Male,Tier 3,Standard,35,6.85,5,1,9.0,1
CUST1597,28,Female,Tier 3,Premium,22,9.25,7,1,8.2,0
CUST1598,46,Male,Tier 2,Basic,43,101.96,11,1,6.9,0
CUST1599,53,Male,Tier 2,Basic,15,73.14,5,2,7.2,1
CUST1600,42,Male,Tier 1,Basic,60,120.93,8,1,7.5,0
CUST1601,38,Female,Tier 2,Standard,12,136.13,9,0,6.5,0
CUST1602,53,Female,Tier 1,Basic,49,104.55,15,1,8.6,0
CUST1603,27,Female,Tier 1,Standard,42,9.5,6,1,4.0,1
CUST1604,54,Male,Tier 2,Standard,38,32.69,6,0,4.4,1
CUST1605,26,Female,Tier 1,Basic,45,41.88,7,2,4.0,0
CUST1606,41,Female,Tier 1,Premium,35,69.28,6,1,5.6,0
CUST1607,52,Male,Tier 2,Basic,30,79.88,4,1,9.4,0
CUST1608,66,Female,Tier 1,Premium,30,31.23,3,0,4.9,1
CUST1609,52,Female,Tier 1,Basic,6,27.05,8,1,4.9,1
CUST1610,65,Male,Tier 1,Basic,67,46.82,8,0,5.5,0
CUST1611,53,Male,Tier 2,Standard,7,44.81,4,3,9.0,1
CUST1612,35,Male,Tier 2,Standard,52,21.88,5,2,9.6,0
CUST1613,66,Female,Tier 2,Standard,14,11.71,11,0,8.8,1
CUST1614,56,Female,Tier 1,Basic,15,30.33,7,1,8.9,0
CUST1615,49,Female,Tier 2,Premium,21,65.81,10,2,10.0,0
CUST1616,41,Male,Tier 2,Basic,35,39.55,9,0,3.8,1
CUST1617,40,Male,Tier 1,Basic,66,4.76,8,0,4.8,0
CUST1618,49,Female,Tier 2,Basic,2,57.49,8,1,5.7,1
CUST1619,54,Female,Tier 2,Standard,35,46.16,11,1,,0
CUST1620,29,Male,Tier 2,Standard,20,57.73,12,1,7.2,1
CUST1621,66,Male,Tier 2,Basic,10,85.1,8,1,7.2,1
CUST1622,30,Male,Tier 1,Basic,25,48.25,8,0,8.5,1
CUST1623,40,Male,Tier 2,Basic,66,20.09,6,0,3.5,0
CUST1624,42,Female,Tier 2,Basic,25,47.2,13,2,6.7,1
CUST1625,52,Male,Tier 2,Basic,54,38.33,4,1,7.5,0
CUST1626,58,Female,Tier 2,Standard,33,74.81,12,1,6.4,0
CUST1627,47,Female,Tier 3,Standard,36,16.78,4,1,7.3,0
CUST1628,34,Female,Tier 3,Premium,14,110.75,12,2,8.8,0
CUST1629,66,Male,Tier 2,Basic,65,33.99,9,1,7.1,0
CUST1630,37,Male,Tier 2,Basic,54,32.22,10,1,10.0,0
CUST1631,65,Male,Tier 1,Basic,52,119.22,10,2,8.7,0
CUST1632,42,Male,Tier 2,Standard,3,105.6,8,0,7.5,0
CUST1633,39,Female,Tier 2,Basic,41,31.25,6,3,7.9,1
CUST1634,30,Male,Tier 1,Premium,6,19.54,11,2,8.3,1
CUST1635,36,Male,Tier 1,Standard,25,69.94,8,1,10.0,0
CUST1636,66,Female,Tier 1,Basic,13,52.7,8,0,9.1,0
CUST1637,53,Male,Tier 1,Basic,8,30.15,10,0,7.9,0
CUST1638,29,Female,Tier 1,Standard,21,103.21,9,1,5.7,1
CUST1639,58,Female,Tier 1,Standard,68,38.17,8,2,7.7,0
CUST1640,36,Female,Tier 2,Basic,25,21.41,3,1,8.0,1
CUST1641,29,Female,Tier 1,Basic,68,61.78,9,1,8.4,1
CUST1642,26,Female,Tier 1,Standard,45,13.42,10,3,5.7,1
CUST1643,24,Female,Tier 3,Standard,60,28.8,6,2,8.3,1
CUST1644,45,Female,Tier 1,Basic,12,87.7,6,2,8.4,0
CUST1645,31,Female,Tier 3,Basic,32,48.44,6,3,4.8,1
CUST1646,48,Male,Tier 2,Basic,13,51.62,7,1,4.8,1
CUST1647,69,Male,Tier 1,Premium,31,27.8,11,1,9.0,1
CUST1648,36,Male,Tier 1,Basic,20,33.31,7,1,5.5,0
CUST1649,64,Male,Tier 1,Standard,18,15.81,8,0,9.8,0
CUST1650,33,Female,Tier 1,Standard,60,54.57,7,1,,0
CUST1651,22,Male,Tier 1,Basic,63,15.63,9,0,7.7,1
CUST1652,52,Female,Tier 1,Standard,6,14.87,3,2,7.6,1
CUST1653,29,Male,Tier 1,Basic,32,36.69,4,1,5.7,1
CUST1654,42,Male,Tier 2,Standard,43,-1,14,1,9.5,0
CUST1655,69,Male,Tier 1,Standard,2,17.07,12,0,6.5,1
CUST1656,38,Female,Tier 2,Basic,60,82.13,12,1,7.1,0
CUST1657,53,Male,Tier 1,Basic,23,65.48,4,2,3.4,1
CUST1658,40,Female,Tier 2,Standard,31,4.42,9,6,4.6,1
CUST1659,33,Female,Tier 1,Basic,5,47.54,9,2,9.0,1
CUST1660,56,Male,Tier 2,Basic,34,16.32,9,0,7.0,0
CUST1661,62,Male,Tier 1,Basic,10,42.2,5,0,5.9,0
CUST1662,59,Male,Tier 2,Premium,2,31.31,12,3,6.0,1
CUST1663,56,Female,Tier 1,Standard,11,133.92,11,1,8.0,0
CUST1664,31,Male,Tier 2,Standard,50,63.63,3,1,9.3,0
CUST1665,48,Female,Tier 1,Basic,31,32.59,1,2,,1
CUST1666,22,Female,Tier 2,Basic,56,49.98,9,2,9.0,0
CUST1667,52,Male,Tier 1,Basic,9,79.24,9,2,6.7,1
CUST1668,40,Male,Tier 2,Basic,21,42.7,6,4,7.9,1
CUST1669,46,Female,Tier 1,Standard,28,126.1,12,4,3.8,1
CUST1670,60,Female,Tier 1,Standard,62,44.11,10,0,4.1,0
CUST1671,28,Female,Tier 2,Basic,7,55.72,8,3,8.5,1
CUST1672,35,Male,Tier 3,Standard,16,39.09,8,1,7.5,1
CUST1673,64,Female,Tier 2,Basic,4,23.57,7,2,7.7,1
CUST1674,29,Male,Tier 2,Basic,4,30.02,10,0,5.1,1
CUST1675,26,Female,Tier 2,Premium,40,40.69,11,1,6.2,1
CUST1676,27,Female,Tier 2,Standard,17,92.15,7,3,4.0,1
CUST1677,61,Male,Tier 1,Standard,52,104.07,8,0,5.5,0
CUST1678,34,Female,Tier 1,Basic,52,136.07,13,2,7.0,0
CUST1679,55,Male,Tier 3,Basic,36,23.06,9,0,7.6,0
CUST1680,24,Male,Tier 2,Basic,38,73.22,2,0,5.7,1
CUST1681,63,Female,Tier 2,Premium,50,95.77,6,1,8.0,0
CUST1682,30,Male,Tier 2,Standard,63,19.29,3,1,6.9,0
CUST1683,57,Male,Tier 1,Basic,63,46.19,5,0,6.6,0
CUST1684,59,Female,Tier 1,Standard,62,7.68,12,0,7.2,1
CUST1685,26,Male,Tier 2,Basic,7,67.25,7,0,10.0,0
CUST1686,67,Male,Tier 1,Standard,27,103.12,8,3,6.7,1
CUST1687,44,Male,Tier 1,Basic,14,11.94,5,1,8.7,1
CUST1688,19,Female,Tier 2,Basic,71,24.96,9,3,8.0,0
CUST1689,22,Male,Tier 3,Basic,5,24.32,8,1,6.6,1
CUST1690,46,Female,Tier 1,Basic,55,18.32,11,1,4.2,0
CUST1691,54,Female,Tier 2,Standard,2,46.42,5,1,5.9,0
CUST1692,55,Male,Tier 1,Standard,62,63.1,7,2,7.1,1
CUST1693,36,Male,Tier 1,Standard,21,70.5,7,0,6.8,0
CUST1694,25,Male,Tier 3,Premium,21,82.93,3,1,9.3,1
CUST1695,65,Female,Tier 2,Basic,10,137.09,10,3,5.7,1
CUST1696,62,Male,Tier 1,Premium,58,45.64,7,3,6.7,1
CUST1697,18,Male,Tier 2,Premium,39,35.07,5,1,8.0,1
CUST1698,39,Male,Tier 1,Basic,5,134.62,7,1,6.5,1
CUST1699,69,Male,Tier 2,Basic,65,46.05,5,0,8.8,0
CUST1700,34,Male,Tier 1,Standard,13,29.85,7,1,5.0,1
CUST1701,24,Female,Tier 2,Basic,53,113.4,11,2,4.3,1
CUST1702,42,Female,Tier 2,Standard,45,36.19,4,2,6.5,1
CUST1703,62,Male,Tier 1,Basic,32,69.63,10,0,6.9,0
CUST1704,21,Male,Tier 3,Standard,36,28.67,9,2,7.4,1
CUST1705,53,Male,Tier 3,Standard,60,66.33,10,1,7.2,0
CUST1706,23,Male,Tier 1,Basic,11,71.2,10,0,6.3,0
CUST1707,48,Female,Tier 3,Basic,63,113.24,7,0,4.3,0
CUST1708,36,Male,Tier 2,Basic,21,35.76,5,0,6.8,0
CUST1709,61,Female,Tier 2,Basic,52,49.35,7,2,5.1,0
CUST1710,56,Female,Tier 3,Standard,55,59.38,5,1,7.1,0
CUST1711,44,Male,Tier 2,Basic,26,44.95,3,1,5.0,0
CUST1712,27,Female,Tier 2,Standard,68,24.16,3,0,7.7,0
CUST1713,43,Female,Tier 3,Basic,34,89.69,9,1,10.0,0
CUST1714,36,Female,Tier 2,Standard,52,47.7,10,2,5.7,0
CUST1715,56,Female,Tier 2,Premium,52,10.4,8,2,4.7,1
CUST1716,20,Male,Tier 1,Basic,29,16.01,6,0,9.1,0
CUST1717,62,Male,Tier 2,Premium,38,34.2,5,0,10.0,0
CUST1718,30,Female,Tier 2,Standard,42,28.3,7,2,4.8,1
CUST1719,67,Male,Tier 2,Basic,21,13.2,7,1,6.8,1
CUST1720,45,Male,Tier 2,Premium,42,16.95,8,0,7.9,0
CUST1721,37,Male,Tier 1,Basic,13,124.11,9,0,6.5,0
CUST1722,45,Male,Tier 1,Basic,64,87.04,11,1,3.8,0
CUST1723,25,Male,Tier 2,Standard,17,104.12,6,2,4.5,0
CUST1724,58,Female,Tier 2,Standard,9,121.49,8,1,4.7,1
CUST1725,56,Male,Tier 2,Standard,41,34.05,9,2,5.1,1
CUST1726,18,Male,Tier 2,Basic,1,66.32,7,0,7.2,0
CUST1727,20,Male,Tier 3,Premium,2,4.27,6,1,9.0,1
CUST1728,30,Male,Tier 1,Standard,60,63.29,8,1,4.6,0
CUST1729,45,Female,Tier 3,Premium,48,22.8,9,0,5.6,0
CUST1730,66,Female,Tier 1,Basic,29,29.09,8,1,5.0,1
CUST1731,42,Female,Tier 2,Standard,10,53.2,13,1,7.5,1
CUST1732,50,Female,Tier 2,Premium,58,42.57,9,1,5.5,1
CUST1733,55,Male,Tier 1,Basic,60,28.05,9,1,5.2,0
CUST1734,23,Female,Tier 1,Premium,21,29.26,11,1,4.1,1
CUST1735,61,Male,Tier 1,Basic,28,19.23,7,1,9.4,1
CUST1736,62,Male,Tier 2,Basic,34,12.79,7,2,10.0,0
CUST1737,49,Male,Tier 1,Premium,8,12.02,6,1,7.2,1
CUST1738,62,Male,Tier 3,Premium,59,75.74,6,0,9.7,0
CUST1739,64,Male,Tier 1,Basic,49,35.66,12,1,6.0,1
CUST1740,38,Female,Tier 3,Basic,17,109.93,8,0,7.0,0
CUST1741,33,Female,Tier 1,Standard,60,69.81,8,0,8.2,0
CUST1742,38,Female,Tier 1,Premium,45,57.67,3,0,5.6,0
CUST1743,28,Female,Tier 1,Standard,69,16.25,11,2,6.7,0
CUST1744,54,Male,Tier 3,Standard,32,15.91,9,2,6.5,1
CUST1745,53,Female,Tier 2,Standard,44,46.61,12,3,7.8,1
CUST1746,52,Male,Tier 1,Basic,65,44.2,8,0,7.1,0
CUST1747,36,Female,Tier 1,Premium,8,29.63,5,0,5.7,0
CUST1748,37,Male,Tier 1,Basic,43,56.38,6,5,6.5,1
CUST1749,35,Male,Tier 2,Standard,1,52.85,5,1,9.0,0
CUST1750,64,Female,Tier 1,Basic,51,45.98,7,1,8.0,0
CUST1751,58,Male,Tier 2,Basic,24,91.0,10,1,7.8,1
CUST1752,66,Male,Tier 2,Standard,24,132.49,6,2,10.0,0
CUST1753,31,Female,Tier 3,Premium,17,43.07,6,0,5.0,0
CUST1754,32,Male,Tier 2,Standard,5,33.92,8,2,8.3,1
CUST1755,48,Female,Tier 1,Standard,20,137.73,7,1,7.1,0
CUST1756,18,Female,Tier 3,Basic,21,49.17,9,2,7.6,1
CUST1757,20,Female,Tier 1,Standard,58,73.85,3,2,7.3,1
CUST1758,33,Male,Tier 2,Basic,31,22.58,7,1,5.7,1
CUST1759,40,Male,Tier 3,Basic,11,22.24,11,3,5.1,1
CUST1760,28,Male,Tier 1,Basic,52,34.15,13,3,7.0,1
CUST1761,29,Female,Tier 1,Standard,15,48.13,6,0,,0
CUST1762,27,Male,Tier 1,Premium,7,50.86,4,1,6.3,0
CUST1763,49,Female,Tier 1,Standard,28,31.0,9,1,8.4,1
CUST1764,33,Female,Tier 1,Basic,51,59.05,5,2,4.8,1
CUST1765,25,Male,Tier 1,Basic,58,55.67,7,1,6.7,0
CUST1766,55,Female,Tier 1,Standard,5,116.97,7,2,8.9,0
CUST1767,29,Male,Tier 3,Basic,5,22.96,11,1,6.1,0
CUST1768,41,Male,Tier 2,Basic,8,71.2,8,3,9.6,1
CUST1769,45,Male,Tier 2,Standard,64,42.42,6,2,4.2,1
CUST1770,25,Male,Tier 2,Premium,10,28.32,7,1,10.0,0
CUST1771,45,Male,Tier 3,Basic,38,15.69,5,3,7.0,1
CUST1772,53,Female,Tier 3,Basic,8,49.22,5,0,4.6,0
CUST1773,43,Female,Tier 3,Standard,25,-1,7,3,8.5,1
CUST1774,25,Female,Tier 3,Standard,66,46.58,6,1,7.8,0
CUST1775,67,Male,Tier 1,Premium,50,13.94,10,0,9.5,0
CUST1776,45,Male,Tier 2,Basic,67,48.37,8,0,4.2,0
CUST1777,45,Male,Tier 2,Basic,49,46.11,10,4,5.0,1
CUST1778,54,Female,Tier 2,Premium,36,74.87,5,1,8.4,0
CUST1779,58,Male,Tier 2,Basic,68,110.89,7,1,10.0,0
CUST1780,53,Female,Tier 1,Standard,41,57.4,9,1,8.0,0
CUST1781,44,Female,Tier 1,Basic,62,26.72,5,0,8.3,0
CUST1782,34,Male,Tier 3,Standard,10,49.38,9,1,5.6,1
CUST1783,26,Male,Tier 2,Standard,21,36.25,7,2,6.7,0
CUST1784,50,Female,Tier 1,Basic,36,56.28,6,3,5.9,1
CUST1785,37,Male,Tier 1,Standard,12,9.16,12,0,7.9,1
CUST1786,30,Female,Tier 2,Basic,2,87.72,11,0,8.7,0
CUST1787,45,Male,Tier 2,Premium,13,22.47,5,2,7.3,1
CUST1788,65,Male,Tier 2,Basic,53,21.59,5,1,8.4,0
CUST1789,46,Female,Tier 1,Basic,32,44.18,5,0,6.9,0
CUST1790,30,Male,Tier 1,Basic,16,36.13,8,1,9.4,1
CUST1791,63,Female,Tier 1,Standard,32,56.33,5,2,5.4,1
CUST1792,52,Male,Tier 2,Standard,32,47.35,10,1,9.5,0
CUST1793,23,Female,Tier 1,Basic,11,78.6,12,1,5.7,0
CUST1794,35,Female,Tier 1,Standard,10,37.27,7,1,7.0,1
CUST1795,68,Male,Tier 2,Standard,15,48.75,8,0,4.9,0
CUST1796,22,Female,Tier 2,Standard,17,120.32,11,2,7.9,1
CUST1797,64,Male,Tier 1,Standard,40,22.79,10,0,7.2,0
CUST1798,42,Male,Tier 2,Standard,18,18.06,8,0,8.3,0
CUST1799,19,Male,Tier 3,Standard,55,44.95,11,1,3.9,0
CUST1800,27,Female,Tier 3,Basic,25,9.38,9,0,7.2,1
CUST1801,47,Female,Tier 2,Basic,59,19.29,11,3,7.7,0
CUST1802,67,Male,Tier 2,Premium,22,15.05,10,1,5.2,1
CUST1803,62,Male,Tier 1,Basic,30,3.03,5,1,8.0,0
CUST1804,22,Female,Tier 2,Basic,44,23.72,13,1,2.9,0
CUST1805,50,Male,Tier 2,Premium,32,33.5,6,0,6.8,1
CUST1806,18,Male,Tier 2,Basic,51,25.15,9,0,9.5,0
CUST1807,35,Female,Tier 2,Standard,46,14.22,4,0,6.8,0
CUST1808,49,Male,Tier 2,Standard,21,3.89,10,1,5.7,1
CUST1809,64,Female,Tier 3,Premium,32,30.13,5,3,6.9,1
CUST1810,66,Male,Tier 1,Basic,39,33.66,9,1,7.2,0
CUST1811,28,Female,Tier 1,Basic,12,8.79,7,1,8.6,1
CUST1812,38,Male,Tier 2,Premium,47,29.67,11,1,7.2,0
CUST1813,43,Male,Tier 1,Basic,18,37.19,7,1,8.4,0
CUST1814,42,Female,Tier 2,Standard,21,48.57,6,0,7.2,0
CUST1815,39,Male,Tier 1,Standard,13,61.56,12,2,5.7,1
CUST1816,44,Female,Tier 2,Basic,21,74.63,9,4,4.5,1
CUST1817,66,Male,Tier 2,Premium,8,22.43,7,2,7.7,1
CUST1818,30,Female,Tier 1,Standard,46,23.68,8,1,2.6,1
CUST1819,50,Female,Tier 1,Basic,7,15.76,7,1,3.8,1
CUST1820,51,Female,Tier 1,Basic,23,36.32,8,1,4.5,1
CUST1821,58,Female,Tier 1,Basic,22,-1,8,1,8.3,1
CUST1822,52,Male,Tier 2,Basic,22,2.6,5,1,4.3,1
CUST1823,18,Male,Tier 2,Standard,29,11.29,6,0,7.8,0
CUST1824,38,Female,Tier 1,Basic,13,38.38,7,3,5.1,1
CUST1825,65,Female,Tier 2,Basic,2,47.99,9,1,6.7,1
CUST1826,23,Female,Tier 1,Premium,29,16.05,4,1,6.9,0
CUST1827,45,Male,Tier 2,Standard,52,80.11,8,1,6.7,1
CUST1828,34,Male,Tier 1,Basic,27,88.76,5,0,5.8,0
CUST1829,22,Male,Tier 3,Premium,50,25.63,11,2,4.2,1
CUST1830,48,Male,Tier 2,Basic,23,34.82,8,2,7.0,1
CUST1831,22,Female,Tier 2,Premium,44,37.93,6,3,8.0,1
CUST1832,55,Female,Tier 2,Standard,22,51.14,10,1,8.2,0
CUST1833,20,Female,Tier 3,Standard,43,36.76,10,1,7.1,0
CUST1834,40,Male,Tier 3,Standard,37,40.84,4,1,7.5,0
CUST1835,54,Male,Tier 2,Standard,61,15.31,13,0,5.6,0
CUST1836,54,Male,Tier 1,Standard,56,20.57,11,1,7.8,0
CUST1837,27,Female,Tier 3,Standard,3,37.9,12,1,7.7,1
CUST1838,27,Female,Tier 1,Basic,63,42.19,7,0,6.5,0
CUST1839,36,Male,Tier 3,Basic,19,115.29,12,0,7.1,0
CUST1840,34,Female,Tier 2,Premium,23,56.39,9,1,7.0,0
CUST1841,38,Male,Tier 3,Standard,29,14.29,18,2,7.8,1
CUST1842,31,Male,Tier 3,Premium,30,32.47,5,2,4.2,1
CUST1843,26,Female,Tier 1,Standard,39,30.8,5,1,4.2,0
CUST1844,63,Male,Tier 2,Standard,25,35.06,10,2,4.3,1
CUST1845,18,Female,Tier 1,Basic,8,46.41,10,1,6.2,1
CUST1846,68,Male,Tier 1,Basic,58,27.43,10,0,7.8,0
CUST1847,62,Female,Tier 2,Standard,16,94.36,6,2,3.0,1
CUST1848,30,Female,Tier 1,Standard,1,12.92,9,2,7.2,1
CUST1849,21,Female,Tier 2,Standard,5,37.87,11,4,9.1,1
CUST1850,18,Male,Tier 3,Standard,3,128.73,4,0,7.5,0
CUST1851,66,Male,Tier 2,Standard,65,23.99,3,0,3.4,0
CUST1852,57,Female,Tier 1,Standard,4,24.37,6,2,7.9,0
CUST1853,49,Female,Tier 3,Basic,64,123.19,9,0,7.4,0
CUST1854,51,Male,Tier 3,Standard,10,53.7,10,0,6.4,0
CUST1855,45,Male,Tier 2,Basic,21,39.19,7,1,7.3,1
CUST1856,48,Male,Tier 2,Basic,46,38.86,5,0,4.5,0
CUST1857,25,Female,Tier 3,Basic,27,87.1,9,0,7.1,1
CUST1858,56,Male,Tier 1,Basic,66,25.64,9,0,7.9,0
CUST1859,43,Male,Tier 3,Basic,41,12.31,11,2,5.8,1
CUST1860,51,Female,Tier 3,Basic,13,13.18,7,0,6.2,0
CUST1861,20,Male,Tier 3,Basic,9,52.31,8,1,6.0,1
CUST1862,67,Male,Tier 1,Premium,36,20.79,12,4,6.1,1
CUST1863,29,Male,Tier 3,Basic,58,46.47,4,1,5.5,0
CUST1864,18,Female,Tier 2,Standard,54,14.82,4,0,5.6,0
CUST1865,61,Female,Tier 2,Standard,12,58.66,10,0,7.9,0
CUST1866,22,Female,Tier 3,Basic,14,151.4,7,1,3.9,0
CUST1867,47,Female,Tier 1,Basic,34,50.12,9,0,7.3,0
CUST1868,47,Female,Tier 1,Basic,53,0.56,5,2,7.9,1
CUST1869,34,Female,Tier 3,Standard,20,95.92,13,1,4.6,0
CUST1870,65,Female,Tier 3,Basic,16,22.85,10,1,6.9,0
CUST1871,64,Male,Tier 3,Basic,70,7.52,9,1,5.4,0
CUST1872,40,Male,Tier 1,Basic,56,4.24,8,1,9.0,0
CUST1873,32,Female,Tier 2,Standard,58,162.72,10,0,6.6,0
CUST1874,54,Male,Tier 1,Standard,4,42.02,9,0,9.7,0
CUST1875,38,Male,Tier 2,Basic,4,23.83,5,0,9.4,1
CUST1876,31,Female,Tier 1,Basic,20,30.24,13,2,7.6,0
CUST1877,19,Male,Tier 2,Basic,10,7.68,5,3,10.0,1
CUST1878,28,Male,Tier 2,Basic,24,47.04,21,1,4.2,0
CUST1879,68,Male,Tier 3,Basic,26,62.17,3,1,9.6,0
CUST1880,56,Male,Tier 2,Standard,37,15.16,5,1,6.5,0
CUST1881,55,Male,Tier 2,Standard,54,51.51,7,5,6.8,1
CUST1882,51,Female,Tier 1,Standard,21,185.37,6,3,6.2,1
CUST1883,55,Female,Tier 2,Standard,38,67.86,6,2,4.4,1
CUST1884,67,Female,Tier 2,Basic,46,39.9,5,0,8.0,0
CUST1885,51,Male,Tier 1,Basic,4,12.91,5,2,4.8,1
CUST1886,35,Female,Tier 2,Basic,60,71.59,7,0,5.9,0
CUST1887,47,Male,Tier 3,Standard,57,54.79,7,1,6.0,0
CUST1888,32,Male,Tier 1,Basic,45,23.03,14,1,8.8,1
CUST1889,44,Male,Tier 1,Premium,20,54.68,11,2,6.9,1
CUST1890,68,Male,Tier 2,Standard,17,13.17,7,2,2.6,1
CUST1891,51,Female,Tier 3,Basic,71,44.27,7,2,5.4,1
CUST1892,69,Female,Tier 1,Standard,4,32.61,6,1,4.2,1
CUST1893,55,Male,Tier 3,Basic,14,113.08,6,0,7.9,0
CUST1894,50,Female,Tier 3,Basic,3,38.67,8,0,4.9,0
CUST1895,41,Male,Tier 1,Basic,58,168.22,6,2,5.9,0
CUST1896,32,Female,Tier 1,Basic,55,37.69,10,3,10.0,1
CUST1897,47,Female,Tier 2,Standard,4,55.39,6,2,8.1,1
CUST1898,59,Male,Tier 3,Standard,24,98.23,13,1,4.9,0
CUST1899,68,Female,Tier 2,Basic,34,69.35,5,0,8.5,0
CUST1900,34,Male,Tier 2,Basic,30,3.95,11,1,5.7,0
CUST1901,22,Female,Tier 1,Basic,19,55.03,7,1,8.5,0
CUST1902,46,Male,Tier 2,Standard,31,52.54,7,0,6.3,0
CUST1903,21,Male,Tier 2,Basic,60,8.51,1,1,,0
CUST1904,27,Female,Tier 1,Basic,60,76.73,14,2,5.1,1
CUST1905,34,Female,Tier 2,Basic,19,9.12,3,1,7.5,1
CUST1906,27,Male,Tier 1,Basic,49,60.27,7,2,8.6,0
CUST1907,34,Female,Tier 2,Standard,63,34.87,7,1,7.7,1
CUST1908,37,Female,Tier 1,Standard,22,61.79,14,2,6.2,0
CUST1909,41,Male,Tier 1,Standard,24,44.52,9,1,3.8,0
CUST1910,22,Male,Tier 3,Standard,30,35.13,6,2,5.8,1
CUST1911,51,Female,Tier 1,Standard,58,39.03,7,1,4.7,0
CUST1912,23,Male,Tier 2,Basic,31,11.54,10,1,9.5,1
CUST1913,19,Male,Tier 1,Basic,64,79.1,8,1,6.3,1
CUST1914,30,Male,Tier 1,Basic,19,14.45,9,0,7.5,1
CUST1915,60,Female,Tier 1,Standard,48,47.68,12,1,6.4,0
CUST1916,60,Female,Tier 1,Premium,45,45.77,9,0,7.8,0
CUST1917,65,Male,Tier 1,Basic,55,79.19,6,1,8.3,0
CUST1918,28,Female,Tier 3,Basic,55,26.55,10,1,10.0,0
CUST1919,68,Male,Tier 1,Basic,18,11.58,11,2,6.2,1
CUST1920,64,Female,Tier 1,Standard,63,39.59,4,0,8.9,0
CUST1921,40,Male,Tier 3,Standard,47,53.17,5,2,7.5,0
CUST1922,33,Male,Tier 1,Basic,57,38.82,9,1,,0
CUST1923,48,Female,Tier 2,Standard,45,81.84,9,0,6.1,0
CUST1924,28,Male,Tier 1,Standard,33,37.88,8,1,7.8,0
CUST1925,33,Female,Tier 1,Basic,17,4.66,11,0,6.5,1
CUST1926,25,Female,Tier 2,Basic,70,17.25,6,2,7.2,1
CUST1927,21,Male,Tier 3,Standard,4,106.27,6,1,,1
CUST1928,57,Male,Tier 1,Basic,20,48.09,6,1,10.0,1
CUST1929,21,Female,Tier 2,Basic,47,17.14,5,1,7.1,1
CUST1930,42,Male,Tier 1,Basic,15,45.59,14,0,,0
CUST1931,20,Male,Tier 1,Standard,70,36.38,10,0,,0
CUST1932,49,Male,Tier 3,Standard,47,39.12,9,0,6.1,0
CUST1933,20,Male,Tier 1,Standard,9,5.09,7,1,10.0,1
CUST1934,44,Male,Tier 3,Basic,16,-1,5,0,6.1,0
CUST1935,46,Female,Tier 1,Basic,69,9.54,7,2,7.0,1
CUST1936,49,Female,Tier 3,Standard,61,16.01,7,0,8.1,1
CUST1937,67,Male,Tier 2,Basic,10,17.71,4,1,7.9,0
CUST1938,68,Male,Tier 3,Standard,50,21.83,6,3,9.5,1
CUST1939,36,Male,Tier 1,Basic,3,40.24,8,2,8.2,1
CUST1940,38,Female,Tier 2,Standard,70,42.99,6,2,10.0,0
CUST1941,22,Male,Tier 2,Premium,51,71.16,6,2,7.8,1
CUST1942,35,Female,Tier 2,Premium,19,123.47,12,1,9.3,0
CUST1943,45,Female,Tier 3,Basic,42,87.65,8,1,6.2,0
CUST1944,59,Female,Tier 2,Standard,35,15.23,6,2,10.0,0
CUST1945,39,Male,Tier 3,Basic,46,46.2,8,2,6.4,1
CUST1946,38,Female,Tier 1,Standard,26,83.54,8,2,9.7,0
CUST1947,23,Male,Tier 2,Basic,69,70.82,10,4,8.6,0
CUST1948,18,Female,Tier 3,Standard,64,125.97,9,3,7.1,1
CUST1949,22,Male,Tier 1,Basic,37,49.21,9,1,9.7,0
CUST1950,58,Female,Tier 2,Premium,49,27.16,14,1,7.0,0
CUST1951,29,Male,Tier 3,Standard,21,76.58,9,0,9.5,0
CUST1952,43,Female,Tier 2,Basic,64,48.57,12,1,7.7,0
CUST1953,63,Male,Tier 1,Premium,5,59.84,8,0,6.3,0
CUST1954,51,Male,Tier 1,Basic,70,107.21,7,2,7.6,0
CUST1955,66,Male,Tier 3,Premium,4,50.25,8,0,7.1,0
CUST1956,31,Male,Tier 3,Standard,39,86.45,8,0,6.2,0
CUST1957,43,Female,Tier 3,Premium,35,27.0,12,2,7.4,0
CUST1958,62,Female,Tier 2,Basic,1,17.4,8,0,7.7,0
CUST1959,44,Male,Tier 2,Basic,24,41.61,7,2,2.6,1
CUST1960,26,Female,Tier 1,Standard,57,37.42,9,1,7.9,0
CUST1961,43,Male,Tier 1,Premium,70,86.12,6,0,8.3,0
CUST1962,64,Male,Tier 1,Basic,41,112.08,7,0,9.6,0
CUST1963,39,Female,Tier 1,Basic,54,110.11,6,1,4.8,1
CUST1964,64,Male,Tier 3,Basic,46,2.93,10,0,5.2,0
CUST1965,47,Male,Tier 3,Premium,60,13.8,6,1,7.4,0
CUST1966,60,Female,Tier 2,Standard,60,27.04,10,1,5.7,0
CUST1967,65,Male,Tier 3,Basic,57,27.72,8,1,4.9,0
CUST1968,34,Male,Tier 3,Basic,31,20.04,9,1,6.3,1
CUST1969,43,Male,Tier 2,Standard,24,27.44,11,0,6.4,1
CUST1970,53,Male,Tier 2,Basic,36,111.29,7,1,5.2,1
CUST1971,18,Female,Tier 1,Standard,30,78.4,10,0,5.2,0
CUST1972,25,Female,Tier 2,Basic,24,21.44,7,2,6.8,1
CUST1973,66,Female,Tier 1,Standard,30,33.79,7,0,4.4,0
CUST1974,52,Male,Tier 1,Premium,7,51.1,8,1,4.4,1
CUST1975,69,Male,Tier 3,Standard,35,5.85,9,2,7.1,1
CUST1976,32,Female,Tier 1,Basic,55,33.55,9,3,9.7,1
CUST1977,64,Male,Tier 1,Standard,14,33.01,8,2,8.3,1
CUST1978,39,Male,Tier 2,Basic,10,32.05,9,1,9.2,1
CUST1979,31,Male,Tier 2,Premium,16,79.66,5,2,,0
CUST1980,43,Male,Tier 1,Basic,54,31.93,9,0,4.5,0
CUST1981,45,Female,Tier 1,Standard,70,4.9,8,0,7.0,0
CUST1982,40,Female,Tier 3,Basic,44,84.42,11,2,8.5,0
CUST1983,31,Female,Tier 1,Basic,45,23.96,7,0,8.1,1
CUST1984,41,Male,Tier 3,Basic,56,17.63,10,1,,0
CUST1985,19,Female,Tier 2,Premium,57,24.89,11,0,9.0,0
CUST1986,62,Female,Tier 2,Premium,21,113.86,8,0,6.9,0
CUST1987,43,Male,Tier 1,Basic,68,8.65,8,3,8.4,0
CUST1988,31,Male,Tier 2,Basic,50,55.9,8,4,5.9,1
CUST1989,68,Female,Tier 3,Basic,33,27.79,8,3,4.2,1
CUST1990,24,Female,Tier 1,Basic,7,54.42,7,0,,0
CUST1991,20,Female,Tier 1,Standard,70,9.91,4,2,7.8,0
CUST1992,64,Female,Tier 1,Basic,15,34.95,8,2,4.8,1
CUST1993,40,Male,Tier 2,Standard,32,33.7,6,2,5.8,1
CUST1994,63,Female,Tier 2,Standard,20,33.7,7,1,8.2,0
CUST1995,60,Female,Tier 1,Standard,15,11.34,8,0,,0
CUST1996,64,Male,Tier 1,Standard,48,21.53,6,0,7.9,0
CUST1997,62,Female,Tier 2,Basic,71,41.87,12,0,6.1,0
CUST1998,35,Male,Tier 3,Basic,21,2.14,8,1,9.6,1
CUST1999,55,Male,Tier 2,Standard,42,9.46,11,3,6.8,1
CUST1507,43,Female,Tier 1,Basic,7,44.93,8,0,7.8,0
CUST1818,30,Female,Tier 1,Standard,46,23.68,8,1,2.6,1
CUST1452,66,Female,Tier 1,Premium,56,65.1,10,0,8.6,0
CUST1368,65,Female,Tier 2,Basic,64,18.26,6,1,6.0,0
CUST1242,49,Female,Tier 1,Basic,50,114.83,11,2,5.9,0
CUST1929,21,Female,Tier 2,Basic,47,17.14,5,1,7.1,1
CUST1262,37,Male,Tier 3,Standard,44,51.67,7,1,5.5,0
CUST1810,66,Male,Tier 1,Basic,39,33.66,9,1,7.2,0
